<?xml version="1.0" encoding="UTF-8"?>
<jobs xmlns="http://www.demandware.com/xml/impex/jobs/2015-07-01">
    <job job-id="RemoveOutdatedMoneiTransaction" priority="0">
        <description>
            Removes MoneiNewTransactions custom object that is older than a year with info about Monei transaction from BM.
        </description>
        <parameters/>
        <flow>
            <context site-id="RefArch"/>
            <step step-id="removeCustomObject" type="custom.removeMoneiCustomObject" enforce-restart="false">
                <description/>
                <parameters/>
            </step>
        </flow>
        <rules/>
        <triggers>
            <run-recurring enabled="true">
                <recurrence>
                    <date-from>2019-10-25Z</date-from>
                    <start-time>04:00:00.000Z</start-time>
                    <interval>2M</interval>
                    <day-of-week/>
                </recurrence>
            </run-recurring>
        </triggers>
    </job>
</jobs>
