<?xml version="1.0" encoding="UTF-8"?>
<payment-settings xmlns="http://www.demandware.com/xml/impex/paymentsettings/2009-09-15">
    <payment-method method-id="MONEI_CARD">
        <name xml:lang="x-default">MONEI pay - Card</name>
        <enabled-flag>true</enabled-flag>
        <processor-id>MONEI_CARD</processor-id>
    </payment-method>

    <payment-method method-id="MONEI_BIZUM">
        <name xml:lang="x-default">MONEI pay - Bizum</name>
        <enabled-flag>true</enabled-flag>
        <processor-id>MONEI_BIZUM</processor-id>
    </payment-method>

    <payment-method method-id="MONEI_PAYMENTREQUEST">
        <name xml:lang="x-default">MONEI pay - Apple pay / Google pay</name>
        <enabled-flag>true</enabled-flag>
        <processor-id>MONEI_PAYMENTREQUEST</processor-id>
    </payment-method>

</payment-settings>
