<?xml version="1.0" encoding="UTF-8"?>
<preferences xmlns="http://www.demandware.com/xml/impex/preferences/2007-03-31">
    <custom-preferences>
        <all-instances/>
        <development>
            <preference preference-id="MONEI_API_Payment_Methods">
                <value>card</value>
                <value>bizum</value>
                <value>applePay</value>
                <value>googlePay</value>
                <value>paypal</value>
            </preference>
            <preference preference-id="MONEI_API_Type_Page">modal_page</preference>
            <preference preference-id="MONEI_API_URL">https://js.monei.net/v1/monei.js</preference>
        </development>
        <staging/>
        <production/>
    </custom-preferences>
</preferences>

