<?xml version="1.0" encoding="UTF-8"?>
<metadata xmlns="http://www.demandware.com/xml/impex/metadata/2006-10-31">
    <type-extension type-id="SitePreferences">
        <custom-attribute-definitions>
            <attribute-definition attribute-id="MONEI_API_Account_ID">
                <display-name xml:lang="x-default">Account ID</display-name>
                <type>string</type>
                <mandatory-flag>false</mandatory-flag>
                <externally-managed-flag>false</externally-managed-flag>
                <min-length>0</min-length>
            </attribute-definition>
            <attribute-definition attribute-id="MONEI_API_Key">
                <display-name xml:lang="x-default">API Key</display-name>
                <type>password</type>
                <mandatory-flag>false</mandatory-flag>
                <externally-managed-flag>false</externally-managed-flag>
            </attribute-definition>
            <attribute-definition attribute-id="MONEI_API_Type_Page">
                <display-name xml:lang="x-default">Type Payment Page</display-name>
                <type>enum-of-string</type>
                <mandatory-flag>false</mandatory-flag>
                <externally-managed-flag>false</externally-managed-flag>
                <value-definitions>
                    <value-definition>
                        <display xml:lang="x-default">Redirect</display>
                        <value>redirect</value>
                    </value-definition>
                    <value-definition>
                        <display xml:lang="x-default">Modal Page</display>
                        <value>modal_page</value>
                    </value-definition>
                    <default-value>modal_page</default-value>
                </value-definitions>
            </attribute-definition>
            <attribute-definition attribute-id="MONEI_Plugin_Url">
                <display-name xml:lang="x-default">Plugin URL</display-name>
                <type>string</type>
                <mandatory-flag>false</mandatory-flag>
                <externally-managed-flag>false</externally-managed-flag>
                <min-length>0</min-length>
                <default-value>https://js.monei.net/v1/monei.js</default-value>
            </attribute-definition>
            <attribute-definition attribute-id="MONEI_Card_Styles">
                <display-name xml:lang="x-default">Card custom styles</display-name>
                <type>text</type>
                <localizable-flag>false</localizable-flag>
                <mandatory-flag>false</mandatory-flag>
                <externally-managed-flag>false</externally-managed-flag>
            </attribute-definition>
            <attribute-definition attribute-id="MONEI_Applepay_Verification">
                <display-name xml:lang="x-default">Apple Pay Verification String</display-name>
                <type>text</type>
                <localizable-flag>false</localizable-flag>
                <mandatory-flag>false</mandatory-flag>
                <externally-managed-flag>false</externally-managed-flag>
            </attribute-definition>
        </custom-attribute-definitions>
        <group-definitions>
            <attribute-group group-id="MONEI">
                <display-name xml:lang="x-default">MONEI Checkout</display-name>
                <attribute attribute-id="MONEI_Plugin_Url"/>
                <attribute attribute-id="MONEI_API_Account_ID"/>
                <attribute attribute-id="MONEI_API_Key"/>
                <attribute attribute-id="MONEI_Card_Styles"/>
                <attribute attribute-id="MONEI_Applepay_Verification"/>
            </attribute-group>
        </group-definitions>
    </type-extension>

    <type-extension type-id="Order">
        <custom-attribute-definitions>
	        <attribute-definition attribute-id="moneiToken">
                <display-name xml:lang="x-default">MONEI payment token Id</display-name>
                <description xml:lang="x-default">MONEI payment token Id used in MONEI Transaction</description>
                <type>string</type>
                <mandatory-flag>false</mandatory-flag>
                <externally-managed-flag>false</externally-managed-flag>
                <min-length>0</min-length>
            </attribute-definition>
            <attribute-definition attribute-id="moneiSessionID">
                <display-name xml:lang="x-default">MONEI session Id</display-name>
                <description xml:lang="x-default">MONEI payment session Id used in MONEI Transaction</description>
                <type>string</type>
                <mandatory-flag>false</mandatory-flag>
                <externally-managed-flag>false</externally-managed-flag>
                <min-length>0</min-length>
            </attribute-definition>
            <attribute-definition attribute-id="moneiBrand">
                <display-name xml:lang="x-default">MONEI Brand</display-name>
                <type>string</type>
                <mandatory-flag>false</mandatory-flag>
                <externally-managed-flag>false</externally-managed-flag>
                <min-length>0</min-length>
            </attribute-definition>
            <attribute-definition attribute-id="moneiLastfour">
                <display-name xml:lang="x-default">MONEI Last four digits</display-name>
                <type>string</type>
                <mandatory-flag>false</mandatory-flag>
                <externally-managed-flag>false</externally-managed-flag>
                <min-length>0</min-length>
            </attribute-definition>
            <attribute-definition attribute-id="moneiType">
                <display-name xml:lang="x-default">MONEI Type</display-name>
                <type>string</type>
                <mandatory-flag>false</mandatory-flag>
                <externally-managed-flag>false</externally-managed-flag>
                <min-length>0</min-length>
            </attribute-definition>
            <attribute-definition attribute-id="moneiCardHolder">
                <display-name xml:lang="x-default">MONEI Card holder</display-name>
                <type>string</type>
                <mandatory-flag>false</mandatory-flag>
                <externally-managed-flag>false</externally-managed-flag>
                <min-length>0</min-length>
            </attribute-definition>
            <attribute-definition attribute-id="moneiPhoneNumber">
                <display-name xml:lang="x-default">MONEI Card holder</display-name>
                <type>string</type>
                <mandatory-flag>false</mandatory-flag>
                <externally-managed-flag>false</externally-managed-flag>
                <min-length>0</min-length>
            </attribute-definition>
        </custom-attribute-definitions>
        <group-definitions>
            <attribute-group group-id="monei">
                <display-name xml:lang="x-default">Monei</display-name>
                <attribute attribute-id="moneiBrand"/>
                <attribute attribute-id="moneiType"/>
                <attribute attribute-id="moneiCardHolder"/>
                <attribute attribute-id="moneiLastfour"/>
                <attribute attribute-id="moneiPhoneNumber"/>
            </attribute-group>
        </group-definitions>
    </type-extension>

    <type-extension type-id="Basket">
        <custom-attribute-definitions>
            <attribute-definition attribute-id="moneiOrderNo">
                <display-name xml:lang="x-default">MONEI Order Number</display-name>
                <description xml:lang="x-default">Order number sent to Monei, stored in the Basket for ease of access</description>
                <type>string</type>
                <mandatory-flag>false</mandatory-flag>
                <externally-managed-flag>false</externally-managed-flag>
                <min-length>0</min-length>
            </attribute-definition>
            <attribute-definition attribute-id="moneiSessionID">
                <display-name xml:lang="x-default">MONEI session Id</display-name>
                <description xml:lang="x-default">MONEI payment session Id used in MONEI Transaction</description>
                <type>string</type>
                <mandatory-flag>false</mandatory-flag>
                <externally-managed-flag>false</externally-managed-flag>
                <min-length>0</min-length>
            </attribute-definition>
	        <attribute-definition attribute-id="moneiToken">
                <display-name xml:lang="x-default">MONEI payment token Id</display-name>
                <description xml:lang="x-default">MONEI payment token Id used in MONEI Transaction</description>
                <type>string</type>
                <mandatory-flag>false</mandatory-flag>
                <externally-managed-flag>false</externally-managed-flag>
                <min-length>0</min-length>
            </attribute-definition>
        </custom-attribute-definitions>
    </type-extension>

    <type-extension type-id="OrderPaymentInstrument">
        <custom-attribute-definitions>
            <attribute-definition attribute-id="moneiPaymentID">
                <display-name xml:lang="x-default">moneiPaymentID</display-name>
                <description xml:lang="x-default">MONEI order id from create payment API call</description>
                <type>string</type>
                <mandatory-flag>false</mandatory-flag>
                <externally-managed-flag>false</externally-managed-flag>
                <min-length>0</min-length>
            </attribute-definition>
        </custom-attribute-definitions>
        <group-definitions>
            <attribute-group group-id="monei">
                <display-name xml:lang="x-default">MONEI</display-name>
                <attribute attribute-id="moneiPaymentID"/>
            </attribute-group>
        </group-definitions>
    </type-extension>
</metadata>
