<?xml version="1.0" encoding="UTF-8"?>
<metadata xmlns="http://www.demandware.com/xml/impex/metadata/2006-10-31">
    <type-extension type-id="SitePreferences">
        <custom-attribute-definitions>
            <attribute-definition attribute-id="MONEI_API_Account_ID">
                <display-name xml:lang="x-default">Monei account ID</display-name>
                <type>string</type>
                <mandatory-flag>false</mandatory-flag>
                <externally-managed-flag>false</externally-managed-flag>
                <min-length>0</min-length>
            </attribute-definition>
            <attribute-definition attribute-id="MONEI_API_Key">
                <display-name xml:lang="x-default">Monei API Key</display-name>
                <type>password</type>
                <mandatory-flag>false</mandatory-flag>
                <externally-managed-flag>false</externally-managed-flag>
            </attribute-definition>
            <attribute-definition attribute-id="MONEI_API_Type_Page">
                <display-name xml:lang="x-default">Type Payment Page</display-name>
                <type>enum-of-string</type>
                <mandatory-flag>false</mandatory-flag>
                <externally-managed-flag>false</externally-managed-flag>
                <value-definitions>
                    <value-definition>
                        <display xml:lang="x-default">Redirect</display>
                        <value>redirect</value>
                    </value-definition>
                    <value-definition>
                        <display xml:lang="x-default">Modal Page</display>
                        <value>modal_page</value>
                    </value-definition>
                    <default-value>modal_page</default-value>
                </value-definitions>
            </attribute-definition>
            <attribute-definition attribute-id="MONEI_Plugin_Url">
                <display-name xml:lang="x-default">Monei Plugin URL</display-name>
                <type>string</type>
                <mandatory-flag>false</mandatory-flag>
                <externally-managed-flag>false</externally-managed-flag>
                <min-length>0</min-length>
                <default-value>https://js.monei.net/v1/monei.js</default-value>
            </attribute-definition>
            <attribute-definition attribute-id="MONEI_Credit_Styles">
                <display-name xml:lang="x-default">Credit Card custom styles</display-name>
                <type>text</type>
                <localizable-flag>false</localizable-flag>
                <mandatory-flag>false</mandatory-flag>
                <externally-managed-flag>false</externally-managed-flag>
            </attribute-definition>
        </custom-attribute-definitions>
        <group-definitions>
            <attribute-group group-id="MONEI">
                <display-name xml:lang="x-default">MONEI</display-name>
                <attribute attribute-id="MONEI_Plugin_Url"/>
                <attribute attribute-id="MONEI_API_Account_ID"/>
                <attribute attribute-id="MONEI_API_Key"/>
                <attribute attribute-id="MONEI_API_Type_Page"/>
                <attribute attribute-id="MONEI_Credit_Styles"/>
            </attribute-group>
        </group-definitions>
    </type-extension>

    <type-extension type-id="Order">
        <custom-attribute-definitions>
	        <attribute-definition attribute-id="moneiToken">
                <display-name xml:lang="x-default">Monei payment token Id</display-name>
                <description xml:lang="x-default">Monei payment token Id used in Monei Transaction</description>
                <type>string</type>
                <mandatory-flag>false</mandatory-flag>
                <externally-managed-flag>false</externally-managed-flag>
                <min-length>0</min-length>
            </attribute-definition>
            <attribute-definition attribute-id="moneiSessionID">
                <display-name xml:lang="x-default">Monei session Id</display-name>
                <description xml:lang="x-default">Monei payment session Id used in Monei Transaction</description>
                <type>string</type>
                <mandatory-flag>false</mandatory-flag>
                <externally-managed-flag>false</externally-managed-flag>
                <min-length>0</min-length>
            </attribute-definition>
        </custom-attribute-definitions>
    </type-extension>

    <type-extension type-id="Basket">
        <custom-attribute-definitions>
            <attribute-definition attribute-id="moneiOrderNo">
                <display-name xml:lang="x-default">Monei Order Number</display-name>
                <description xml:lang="x-default">Order number sent to Monei, stored in the Basket for ease of access</description>
                <type>string</type>
                <mandatory-flag>false</mandatory-flag>
                <externally-managed-flag>false</externally-managed-flag>
                <min-length>0</min-length>
            </attribute-definition>
            <attribute-definition attribute-id="moneiSessionID">
                <display-name xml:lang="x-default">Monei session Id</display-name>
                <description xml:lang="x-default">Monei payment session Id used in Monei Transaction</description>
                <type>string</type>
                <mandatory-flag>false</mandatory-flag>
                <externally-managed-flag>false</externally-managed-flag>
                <min-length>0</min-length>
            </attribute-definition>
	        <attribute-definition attribute-id="moneiToken">
                <display-name xml:lang="x-default">Monei payment token Id</display-name>
                <description xml:lang="x-default">Monei payment token Id used in Monei Transaction</description>
                <type>string</type>
                <mandatory-flag>false</mandatory-flag>
                <externally-managed-flag>false</externally-managed-flag>
                <min-length>0</min-length>
            </attribute-definition>
        </custom-attribute-definitions>
    </type-extension>

    <type-extension type-id="OrderPaymentInstrument">
        <custom-attribute-definitions>
            <attribute-definition attribute-id="moneiPaymentID">
                <display-name xml:lang="x-default">moneiPaymentID</display-name>
                <description xml:lang="x-default">Monei order id from create payment API call</description>
                <type>string</type>
                <mandatory-flag>false</mandatory-flag>
                <externally-managed-flag>false</externally-managed-flag>
                <min-length>0</min-length>
            </attribute-definition>
        </custom-attribute-definitions>
        <group-definitions>
            <attribute-group group-id="monei">
                <display-name xml:lang="x-default">Monei</display-name>
                <attribute attribute-id="moneiPaymentID"/>
            </attribute-group>
        </group-definitions>
    </type-extension>

    <type-extension type-id="PaymentTransaction">
        <custom-attribute-definitions>
            <attribute-definition attribute-id="transactionsHistory">
                <display-name xml:lang="x-default">Transactions History</display-name>
                <description xml:lang="x-default">All transactions is related with the order</description>
                <type>set-of-string</type>
                <mandatory-flag>false</mandatory-flag>
                <externally-managed-flag>false</externally-managed-flag>
            </attribute-definition>
        </custom-attribute-definitions>
    </type-extension>
</metadata>
