<?xml version="1.0" encoding="UTF-8"?>
<metadata xmlns="http://www.demandware.com/xml/impex/metadata/2006-10-31">
    <type-extension type-id="SitePreferences">
        <custom-attribute-definitions>
            <attribute-definition attribute-id="MONEI_API_Message">
                <display-name xml:lang="x-default">Payment Message</display-name>
                <type>string</type>
                <mandatory-flag>false</mandatory-flag>
                <externally-managed-flag>false</externally-managed-flag>
                <min-length>0</min-length>
                <default-value>Compras en la tienda RefArch</default-value>
            </attribute-definition>
			<attribute-definition attribute-id="MONEI_API_Type_Page">
                <display-name xml:lang="x-default">Type Payment Page</display-name>
                <type>enum-of-string</type>
                <mandatory-flag>false</mandatory-flag>
                <externally-managed-flag>false</externally-managed-flag>
                <value-definitions>
                    <value-definition>
                        <display xml:lang="x-default">Redirect</display>
                        <value>redirect</value>
                    </value-definition>
                    <value-definition>
                        <display xml:lang="x-default">Modal Page</display>
                        <value>modal_page</value>
                    </value-definition>
		    <value-definition>
                        <display xml:lang="x-default">Modal Page Full Screen</display>
                        <value>modal_page_full_screen</value>
                    </value-definition>
                </value-definitions>
            </attribute-definition>
		<attribute-definition attribute-id="MONEI_API_URL">
                <display-name xml:lang="x-default">Monei URL</display-name>
                <type>string</type>
                <mandatory-flag>false</mandatory-flag>
                <externally-managed-flag>false</externally-managed-flag>
                <min-length>0</min-length>
            </attribute-definition>
			
			<attribute-definition attribute-id="MONEI_API_Payment_Methods">
                <display-name xml:lang="x-default">Monei allowed Payment Methods</display-name>
                <description xml:lang="x-default">An array of allowed payment methods (used in hosted payment page). Must be enabled payment methods</description>
                <type>enum-of-string</type>
                <mandatory-flag>false</mandatory-flag>
                <externally-managed-flag>false</externally-managed-flag>
				<select-multiple-flag>true</select-multiple-flag>
                <value-definitions>
                    <value-definition>
                        <display xml:lang="x-default">Card</display>
                        <value>card</value>
                    </value-definition>
                    <value-definition>
                        <display xml:lang="x-default">Bizum</display>
                        <value>bizum</value>
                    </value-definition>
                    <value-definition>
                        <display xml:lang="x-default">ApplePay</display>
                        <value>applePay</value>
                    </value-definition>
                    <value-definition>
                        <display xml:lang="x-default">GooglePay</display>
                        <value>googlePay</value>
                    </value-definition>
                    <value-definition>
                        <display xml:lang="x-default">PayPal</display>
                        <value>paypal</value>
                    </value-definition>
                </value-definitions>
            </attribute-definition>
           	</custom-attribute-definitions>
        <group-definitions>
            <attribute-group group-id="MONEI_Checkout">
                <display-name xml:lang="x-default">MONEI Configuration</display-name>
                 <attribute attribute-id="MONEI_API_Payment_Methods"/>
                <attribute attribute-id="MONEI_API_URL"/>
                <attribute attribute-id="MONEI_API_Message"/>
				<attribute attribute-id="MONEI_API_Type_Page"/>
            </attribute-group>
        </group-definitions>
    </type-extension>
     <type-extension type-id="Order">
        <custom-attribute-definitions>
            <attribute-definition attribute-id="moneiPaymentMethod">
                <display-name xml:lang="x-default">Monei Payment Method</display-name>
                <description xml:lang="x-default">moeniPaymentMethod = 'monei';</description>
                <type>string</type>
                <mandatory-flag>false</mandatory-flag>
                <externally-managed-flag>false</externally-managed-flag>
                <min-length>0</min-length>
            </attribute-definition>
            <attribute-definition attribute-id="MONEI_API_PaymentID">
                <display-name xml:lang="x-default">monei payment Id</display-name>
                <description xml:lang="x-default">monei payment transaction Id used in Monei Transaction (Business Manager Modules)</description>
                <type>string</type>
                <mandatory-flag>false</mandatory-flag>
                <externally-managed-flag>false</externally-managed-flag>
                <min-length>0</min-length>
            </attribute-definition>
	    <attribute-definition attribute-id="MONEI_API_TokenID">
                <display-name xml:lang="x-default">monei payment token Id</display-name>
                <description xml:lang="x-default">monei payment token Id used in Monei Transaction (Business Manager Modules)</description>
                <type>string</type>
                <mandatory-flag>false</mandatory-flag>
                <externally-managed-flag>false</externally-managed-flag>
                <min-length>0</min-length>
            </attribute-definition>
        </custom-attribute-definitions>
    </type-extension>
<type-extension type-id="OrderPaymentInstrument">
        <custom-attribute-definitions>
            <attribute-definition attribute-id="moneiPaymentID">
                <display-name xml:lang="x-default">moneiPaymentID</display-name>
                <description xml:lang="x-default">Monei order id from create payment API call</description>
                <type>string</type>
                <mandatory-flag>false</mandatory-flag>
                <externally-managed-flag>false</externally-managed-flag>
                <min-length>0</min-length>
            </attribute-definition>
            <attribute-definition attribute-id="moneiPaymentStatus">
                <display-name xml:lang="x-default">Monei (REST) Payment Status</display-name>
                <description xml:lang="x-default">Monei Payment Status</description>
                <type>string</type>
                <mandatory-flag>false</mandatory-flag>
                <externally-managed-flag>false</externally-managed-flag>
                <min-length>0</min-length>
            </attribute-definition>
        </custom-attribute-definitions>
    </type-extension>

    <type-extension type-id="PaymentTransaction">
        <custom-attribute-definitions>
            <attribute-definition attribute-id="transactionsHistory">
                <display-name xml:lang="x-default">Transactions History</display-name>
                <description xml:lang="x-default">All transactions is related with the order</description>
                <type>set-of-string</type>
                <mandatory-flag>false</mandatory-flag>
                <externally-managed-flag>false</externally-managed-flag>
            </attribute-definition>
        </custom-attribute-definitions>
    </type-extension>
</metadata>
